{
    "distortion_coefficients": [
        0.032525371839995855,
        0.24536164417513334,
        0.00205374936051452,
        0.01830008231206755,
        2.3165999190517916,
        -0.07829164616148175,
        0.6794461736566486,
        1.9153187687693531,
        -0.007487095483892675,
        -0.0073602629013840605,
        -0.002814609076120673,
        -0.020759554561287828,
        -0.022380667689129267,
        -0.021778551594375084
    ],
    "intrinsic_matrix": [
        504.0235328779114,
        0.0,
        426.06999938442095,
        0.0,
        505.683933432857,
        240.3193079227597,
        0.0,
        0.0,
        1.0
    ]
}